Collection,Title,Painting Name,Materials,Size,Artist Note,Post subtype,Platform,Date,Time,Status,Label(s),Post URL,Alt text(s),CTA,Comment(s),Cover Image URL,Etsy Description,Etsy Listing Title,Etsy Price,Etsy Quantity,Etsy SKU,Instagram First Comment,Link(s),Media,Media Source,Media URL(s),"Pin board, FB album, or Google category",Pinterest Description,Pinterest Link URL,Reminder,SEO Description,SEO Tags,SEO Title,Text,"Title - For the video, pin, PDF",Calendar Selection
Free Dance,,Free Dance,,,,,Instagram,2025-11-10,00:03,Ready,,,"An abstract painting titled 'Free Dance,' featuring vibrant swirls of deep turquoise, warm coral, and soft lavender, created with acrylic and mixed media on a 24x12 canvas.",,,,"Experience the joyful motion of 'Free Dance,' a captivating 24x12 piece crafted with acrylic and mixed media. The artwork bursts with deep turquoise, warm coral, and soft lavender, creating a dynamic tapestry that evokes the rhythm of a dance. Each brushstroke is a testament to the artist's passion for color and movement, making it an exceptional addition to any modern art collection.",'Free Dance' - 24x12 Acrylic & Mixed Media Abstract Painting,$150 - $250,,,#FreeDance #AcrylicArt #MixedMedia #ContemporaryArt #ArtLovers #ColorfulArt #AbstractArt #ModernArt #ArtisticExpression #CreativeCanvas #VibrantColors #ArtisticJourney #HomeDecor #ArtCollector #ArtInspiration #VisualArt #ArtForSale #HandmadeArt #InteriorDesign #ArtGallery #PaintingsOfInstagram #ArtisticVibes #WallArt #ArtisticSoul #ArtisticCreations #AbstractExpressionism #ArtMarket #UniqueArt #ColorfulCanvas #ArtisticVision,,artwork_42378cf1.png,,,Contemporary Abstract Art,"Discover the mesmerizing 'Free Dance,' a 24x12 acrylic and mixed media masterpiece. Swirls of deep turquoise, warm coral, and soft lavender create a lively dance of colors. Perfect for contemporary spaces, this artwork captures the essence of movement and joy. Ideal for art lovers and collectors seeking vibrant, expressive pieces.",[Link to your website or Etsy listing],,"Explore 'Free Dance,' a vibrant 24x12 acrylic and mixed media artwork featuring deep turquoise, warm coral, and soft lavender. Perfect for adding a lively touch to any space.","Free Dance, Acrylic Art, Mixed Media, Abstract Painting, Contemporary Art, Colorful Art, Home Decor, Art for Sale, Modern Art, Interior Design, Wall Art, Artistic Expression, Art Collection, Vibrant Colors, Unique Paintings",'Free Dance' Acrylic & Mixed Media Abstract Painting,"'Free Dance' is a lively expression of color and movement, painted with acrylic and mixed media. Its vibrant hues of deep turquoise, warm coral, and soft lavender capture the essence of a joyful dance, making it a stunning addition to any space.",,
Free Dance,,Free Dance,,,,,Instagram,2025-11-11,00:08,Ready,,,"A vibrant 24 x 12 artwork titled 'Free Dance,' featuring dynamic colors and abstract forms in acrylic and mixed media.",,,,"'Free Dance' is a dynamic 24 x 12 artwork crafted with acrylic and mixed media, designed to capture the essence of movement and energy. Its vibrant colors and abstract forms create a lively atmosphere, making it a perfect addition to any modern space.",'Free Dance' Acrylic & Mixed Media Art â€“ 24 x 12,$150 - $250,,,#FreeDance #AcrylicArt #MixedMedia #ArtisticExpression #ColorfulArt #ContemporaryArt #ArtLovers #HomeDecor #WallArt #ArtCollector #ArtCommunity #ModernArt #InteriorDesign #ArtGallery #AbstractArt #CreativeExpression #ArtInspiration #VisualArt #ArtisticJourney #ColorfulVibes #DynamicArt #UniqueArt #ArtisticSoul #ArtOfTheDay #FineArt #ArtForSale #VibrantArt,,artwork_020b1888.png,,,Abstract Art,"Discover 'Free Dance,' a captivating 24 x 12 acrylic and mixed media artwork. This piece embodies dynamic movement and vibrant colors, perfect for modern art enthusiasts looking to energize their space. Let the abstract forms and vivid hues inspire your artistic journey.",[Your website or Etsy shop link],,"Explore 'Free Dance,' a vibrant acrylic and mixed media artwork measuring 24 x 12. This piece captures dynamic movement and energetic colors, perfect for enhancing contemporary spaces.","Free Dance, Acrylic Art, Mixed Media, Abstract Art, Colorful Art, Contemporary Art, Wall Art, Art for Sale, Vibrant Art, Modern Art, Home Decor, Art Collectors, Artistic Expression","'Free Dance' Acrylic and Mixed Media Artwork, 24 x 12","Immerse yourself in the vibrant world of 'Free Dance,' where color and movement converge in a dynamic acrylic and mixed media artwork. Perfect for art enthusiasts and collectors alike, this piece transforms any space with its energetic presence.",,
Free Dance,,Free Dance,,,,,Pinterest,2025-11-11,05:00,Ready,,,"A vibrant abstract painting titled ""Free Dance,"" featuring swirling colors in acrylic and mixed media on a 24 x 12 canvas.",,,,"""Free Dance"" is a captivating exploration of movement and color, crafted with acrylic and mixed media on a 24 x 12 canvas. This piece is a celebration of artistic freedom, inviting viewers to immerse themselves in its lively composition. Perfect for adding a splash of creativity to any room, its vibrant hues and dynamic forms create a sense of joy and spontaneity.","""Free Dance"" - Vibrant Abstract Acrylic & Mixed Media Painting, 24 x 12",$150 - $250,,,#AcrylicPainting #MixedMediaArt #AbstractArt #ColorfulArt #ArtForHome #InteriorDesign #WallArt #ArtLovers #ArtCollector #HomeDecor #ArtisticExpression #ModernArt #CreativeArt #HandmadeArt #VisualArt #ArtGallery #ContemporaryArt #Inspiration #ArtisticVibes #DecorIdeas #UniqueArt #ArtisticJourney #BoldArt #ArtisticFreedom #ArtForSale #ArtisticCreation #VibrantArt #ArtisticDesign #AbstractExpressionism #ArtisticFlow,,artwork_46aabfeb.jpg,,,Art & Home Decor,"Discover ""Free Dance,"" an abstract 24 x 12 acrylic and mixed media masterpiece. Its vibrant colors and dynamic movement make it a perfect addition to any space. Embrace the energy and creativity that this piece brings to your home decor. Ideal for art lovers seeking unique, original works.",[Your Etsy Shop URL or Website],,"Explore ""Free Dance,"" a 24 x 12 abstract painting in acrylic and mixed media. This vibrant piece brings movement and energy to any space, perfect for art enthusiasts and home decor lovers.","Abstract Art, Acrylic Painting, Mixed Media Art, Colorful Art, Wall Art, Home Decor, Art for Sale, Contemporary Art, Artistic Expression, Unique Art, Modern Art, Interior Design, Vibrant Art, Handmade Art, Artistic Creation",Free Dance - Vibrant Abstract Acrylic & Mixed Media Art,"Embrace the vivid energy of ""Free Dance,"" a 24 x 12 acrylic and mixed media artwork. This piece encapsulates movement and spontaneity, perfect for bringing life and color to your space.",,
Free Dance,,Free Dance,,,,,Pinterest,2025-11-11,09:39,Ready,,,Abstract painting titled 'Free Dance' featuring vibrant colors and dynamic brushstrokes in acrylic and mixed media on a 24 x 12 canvas.,,,,"'Free Dance' is a captivating piece that embodies the spontaneity and joy of movement through its vibrant colors and textures. Crafted with acrylic and mixed media on a 24 x 12 canvas, this artwork brings a dynamic energy to any space. The artist's personal touch is evident in the intricate layers and brushstrokes, making each glance a new discovery.",'Free Dance' - 24 x 12 Acrylic & Mixed Media Abstract Art,$150 - $250,,,#FreeDance #AcrylicArt #MixedMedia #ArtisticExpression #ColorfulArt #AbstractArt #CreativeCanvas #ArtLovers #ArtCollector #ArtOfTheDay #InstaArt #ArtisticSoul #VisualArt #ArtGallery #ArtisticJourney #AbstractExpressionism #ModernArt #WallArt #HomeDecor #ArtisticEscape #ArtInspiration #ArtisticVibes #ArtisticImpression #ArtisticLifestyle #DanceOfColors #ArtisticCreation,,artwork_0926c383.png,,,Abstract Art,"Discover 'Free Dance,' a mesmerizing 24 x 12 acrylic and mixed media artwork. This vibrant piece captures the essence of movement and joy, perfect for art enthusiasts and collectors alike. Add a splash of creativity to your space with this unique creation.",[Link to product page],,"Explore 'Free Dance,' a 24 x 12 acrylic and mixed media artwork that captures the essence of movement and color. Perfect for art lovers and collectors, this piece adds vibrancy to any space.","Free Dance, Acrylic Art, Mixed Media, Abstract Art, Colorful Artwork, Artistic Expression, Modern Art, Home Decor, Wall Art, Art Collectors, Artistic Vibes, Abstract Expressionism",'Free Dance' - Vibrant Acrylic & Mixed Media Abstract Art,"Immerse yourself in the vibrant world of 'Free Dance,' where acrylic and mixed media come together to celebrate movement and color. This 24 x 12 masterpiece is a testament to spontaneous artistic expression, perfect for adding a splash of creativity to any space.",,
Garden In the Dark,,Garden In the Dark,,,,,,2025-11-12,20:45,Scheduled,,,"A vibrant acrylic and mixed media painting titled ""Garden In the Dark,"" featuring deep turquoise, warm coral, and soft lavender floral elements.",,,,"Immerse yourself in the captivating world of ""Garden In the Dark,"" a stunning acrylic and mixed media artwork. This piece features an exquisite blend of deep turquoise, warm coral, and soft lavender, bringing the mysterious beauty of a garden at night to life.","""Garden In the Dark"" - Vibrant Acrylic and Mixed Media Floral Art",$250 - $400,,,#GardenInTheDark #AcrylicArt #MixedMedia #FloralArt #ArtCollector #ArtLovers #HomeDecor #InteriorDesign #ColorfulArt #ArtisticExpression #HandmadeArt #WallArt #ArtForSale #UniqueArt #ArtGallery #ContemporaryArt #ModernArt #ArtisticJourney #CreativeArt #ArtisticVibes #VibrantArt #ColorfulCanvas #ArtisticPassion #NatureInspired #FloralDesign #ArtDaily #ArtInspiration,,artwork_6479840d.jpg,,,Art & Collectibles,"Transform your space with ""Garden In the Dark,"" an acrylic and mixed media masterpiece. This artwork bursts with deep turquoise, warm coral, and soft lavender hues, capturing the mysterious beauty of a nighttime garden. Perfect for art enthusiasts and nature lovers alike.",[Insert link to purchase or view more details],,"Discover ""Garden In the Dark,"" a vibrant acrylic and mixed media artwork featuring deep turquoise, warm coral, and soft lavender. Perfect for art collectors seeking unique floral art.","Garden In the Dark, Acrylic Art, Mixed Media, Floral Art, Vibrant Colors, Night Garden, Art Collectors, Home Decor, Interior Design, Colorful Art, Nature Inspired",Garden In the Dark - Acrylic and Mixed Media Floral Art,"""Garden In the Dark"" invites you into a world of vibrant colors and mysterious beauty. This acrylic and mixed media piece captures the essence of a nighttime garden through its intricate floral design and rich hues. Perfect for any art lover's collection.",,
Garden In the Dark,,Garden In the Dark,,,,,Instagram,2025-11-12,20:45,Ready,,,"A vibrant acrylic and mixed media painting titled ""Garden In the Dark,"" featuring deep turquoise, warm coral, and soft lavender flowers under a moonlit sky.",,,,"Immerse yourself in the mystical allure of ""Garden In the Dark,"" an exquisite acrylic and mixed media creation. This artwork captures the serene beauty of a hidden garden, where deep turquoise, warm coral, and soft lavender blossoms flourish under a moonlit sky. The rich textures and vibrant colors draw you into a world of nature's wonders, offering a sense of tranquility and inspiration.","""Garden In the Dark"" - Acrylic & Mixed Media Floral Art",$200 - $400,,,#GardenInTheDark #AcrylicArt #MixedMedia #ArtLovers #FloralArt #NatureInspired #HomeDecor #ArtisticExpression #ColorfulArt #ContemporaryArt #ArtCollectors #InteriorDesign #ArtForSale #UniqueArt #Handcrafted #CreativeArt #ArtisticJourney #InstaArt #ArtGallery #ArtisticVibes #VisualArt #ModernArt #AbstractArt #ArtworkOfTheDay #FloralPainting #ArtisticCreation #ArtInspiration #AcrylicPainting,,artwork_3f11ad2b.png,,,Art & Decor,"Discover the enchanting ""Garden In the Dark,"" a captivating acrylic and mixed media artwork. With deep turquoise, warm coral, and soft lavender, this mesmerizing piece invites you into a secret garden illuminated by moonlight. Perfect for nature lovers and art enthusiasts seeking a unique addition to their collection.",[Your Etsy shop link or website],,"Explore ""Garden In the Dark,"" an enchanting acrylic and mixed media artwork featuring deep turquoise, warm coral, and soft lavender hues. Perfect for art lovers and collectors, this piece brings the mystical beauty of a moonlit garden into your space.","Garden In the Dark, Acrylic Art, Mixed Media, Floral Painting, Art Collectors, Home Decor, Nature Inspired Art, Contemporary Art, Colorful Art, Unique Art","""Garden In the Dark"" Acrylic & Mixed Media Painting","Unveil the hidden beauty of ""Garden In the Dark,"" a mesmerizing acrylic and mixed media artwork. This piece, with its deep turquoise, warm coral, and soft lavender hues, brings the enchanting charm of a moonlit garden into your home. Perfect for art lovers seeking unique and captivating decor.",,
Free Dance,,Free Dance,,,,,Instagram,2025-11-13,00:19,Scheduled,,,A vibrant abstract painting titled 'Free Dance' featuring a dynamic composition with colorful brushstrokes in acrylic and mixed media on a 24 x 12 canvas.,,,,"'Free Dance' captures the essence of movement and joy through a vibrant palette and dynamic composition. This 24 x 12 piece, crafted with acrylic and mixed media, brings a burst of energy to any room. The artist's personal touch is evident in the playful brushstrokes and harmonious color blend, making it an ideal addition for those looking to add creativity and liveliness to their space. Perfect for art collectors or anyone who appreciates the beauty of abstract expression.",'Free Dance' - Vibrant Acrylic & Mixed Media Abstract Art 24x12,$150 - $250,,,#ArtLovers #AcrylicArt #MixedMedia #AbstractArt #ColorfulArt #ModernArt #ArtisticExpressions #ArtGallery #WallArt #ContemporaryArt #ArtCollector #InteriorDesign #HomeDecor #ArtForHome #CreativeArt #VisualArt #ArtInspiration #ArtisticJourney #VibrantArt #ArtisticSoul #ArtisticVibes #ArtisticExpression #LiveColorfully #ArtWork #InstaArt #ArtisticLife #ArtDaily #ArtisticVision,,artwork_3f50df22.png,,,Abstract Art,"Discover the lively energy of 'Free Dance,' a vibrant 24 x 12 acrylic and mixed media artwork. This piece is a celebration of color and movement, perfect for adding a splash of creativity to any space. Dive into its dynamic composition and let your imagination dance along. Ideal for art lovers seeking unique and inspiring decor.",[Your Etsy shop link or website],,"Explore 'Free Dance,' a stunning 24 x 12 acrylic and mixed media artwork. This vibrant piece captures the joy of movement and color, perfect for any art lover's collection.","Free Dance, Abstract Art, Acrylic Art, Mixed Media, 24x12 Art, Colorful Art, Contemporary Art, Modern Art, Wall Art, Art for Sale, Artistic Expression, Vibrant Art, Home Decor, Interior Design, Creative Art, Art Lovers, Art Collector, Art Gallery",'Free Dance' Abstract Acrylic Mixed Media Art 24x12,"Dive into the lively world of 'Free Dance,' a 24 x 12 acrylic and mixed media masterpiece. This artwork radiates joy and movement, making it a perfect addition to any creative space.",,
Garden In the Dark,,Garden In the Dark,,,,,Pinterest,2025-11-13,03:02,Ready,,,"A vibrant acrylic and mixed media painting titled 'Garden In the Dark' featuring florals in deep turquoise, warm coral, and soft lavender on a dark background.",,,,"'Garden In the Dark' is a mesmerizing acrylic and mixed media artwork that captures the beauty of a hidden floral world. With its rich palette of deep turquoise, warm coral, and soft lavender, this piece invites viewers to explore a vibrant garden alive with color and texture.",'Garden In the Dark' Acrylic and Mixed Media Floral Painting,$150 - $300,,,#GardenArt #AcrylicPainting #MixedMediaArt #ArtLovers #ColorfulArt #FloralArt #ContemporaryArt #ArtCollectors #HomeDecor #CreativeArt #FlowerArt #ArtisticExpressions #UniqueArt #ArtInspiration #ArtGallery #VisualArt #ArtisticJourney #ArtisticEscape #ArtForHome #DecorativeArt #ArtisticFlair #VibrantColors #ArtisticVision #ArtisticCreation #CreativeExpression #ArtisticDesign #AestheticArt,,artwork_69c45de5.png,,,Art & Home Decor,"Discover 'Garden In the Dark,' a stunning acrylic and mixed media artwork that features vibrant hues of deep turquoise, warm coral, and soft lavender. This captivating floral scene is perfect for art lovers seeking a splash of color and mystery. Ideal for contemporary home decor and art collections.",[Link to your website or Etsy shop],,"Explore 'Garden In the Dark,' a captivating acrylic and mixed media artwork featuring vibrant floral compositions in deep turquoise, warm coral, and soft lavender. Perfect for art lovers and collectors seeking unique home decor.","Garden In the Dark, Acrylic Painting, Mixed Media Art, Floral Art, Vibrant Colors, Contemporary Art, Art Collectors, Home Decor, Unique Art, Art Gallery, Colorful Art, Creative Expression",'Garden In the Dark' Vibrant Floral Acrylic Mixed Media Painting,"Step into 'Garden In the Dark,' a world where vibrant florals come to life in deep turquoise, warm coral, and soft lavender. This acrylic and mixed media piece blends intricate details with bold colors, inviting you to explore a hidden garden full of mystery and beauty. Perfect for adding a splash of color to any space. ðŸŒ¿ðŸŽ¨",,
Garden In the Dark,,Garden In the Dark,,,,,,2025-11-14,14:25,Scheduled,,,"""Garden In the Dark"" artwork featuring vibrant flowers in deep turquoise, warm coral, and soft lavender against a dark background.",,,,"""Garden In the Dark"" is a captivating fusion of acrylic and mixed media, where vibrant blossoms emerge from a shadowy backdrop. This artwork features an array of colors, including deep turquoise, warm coral, and soft lavender, creating a rich tapestry of floral forms. The intricate details and textures invite viewers to explore every corner of the canvas.","""Garden In the Dark"" Acrylic & Mixed Media Floral Art",$150 - $300,,,#GardenInTheDark #AcrylicArt #MixedMedia #FloralArt #ArtCollector #ColorfulArt #HomeDecor #ArtLovers #ContemporaryArt #ModernArt #ArtGallery #WallArt #ArtisticExpression #VisualArt #ArtisticImpression #BohemianArt #UniqueArt #HandmadeArt #ArtInspiration #ArtisticCreation #ColorfulFlowers #NatureArt #ArtForSale #InstaArt #CreativeArt,,artwork_c2be214b.png,,,Art & Design,"Discover the luminous beauty of ""Garden In the Dark,"" an acrylic and mixed media artwork. This piece combines deep turquoise, warm coral, and soft lavender shades to create a vibrant floral scene, perfect for adding a touch of nature-inspired elegance to any space.",[Link to purchase or artist's website],,"Explore ""Garden In the Dark,"" an acrylic and mixed media artwork featuring vibrant colors like deep turquoise, warm coral, and soft lavender. Perfect for adding a touch of elegance to any space.","Garden In the Dark, Acrylic Art, Mixed Media, Floral Art, Home Decor, Contemporary Art, Colorful Painting, Art Collector, Modern Wall Art, Nature-Inspired Art","""Garden In the Dark"" Acrylic Mixed Media Floral Painting","Immerse yourself in the vibrant world of ""Garden In the Dark,"" where lush florals spring to life from the shadows. This acrylic and mixed media piece is a celebration of color and texture, perfect for any art lover's collection.",,
Free Dance,,Free Dance,,,,,Pinterest,2025-11-15,14:35,Ready,,,"""A vibrant 24 x 12 acrylic and mixed media painting titled 'Free Dance,' featuring a dynamic swirl of colors and textures.""",,,,"""Immerse yourself in the lively composition of 'Free Dance,' a 24 x 12 artwork crafted with acrylic and mixed media. The artist's personal touch is evident in the playful dance of colors and textures that evoke a sense of freedom and joy. This piece is a celebration of movement, capturing the essence of creativity and spontaneity.","""'Free Dance' - Vibrant Acrylic Mixed Media Art, 24x12""","""$150 - $250""",,,"""#FreeDance #AbstractArt #AcrylicPainting #MixedMedia #ArtInspiration #ColorfulArt #ArtCollector #ArtGallery #HomeDecor #WallArt #CreativeExpression #ArtisticVibes #ModernArt #ArtForHome #InteriorDesign #UniqueArt #ArtisticJourney #VisualArt #ArtisticExpression #ColorSplash #ArtDaily #ArtistOnInstagram #ArtCommunity #ArtWorld #ArtisticSoul #ArtWork""",,artwork_7c73204e.png,,,"""Abstract Art""","""Experience the dynamic motion and vibrant hues of 'Free Dance,' a 24 x 12 acrylic and mixed media artwork. This expressive piece invites you to explore the freedom of movement and creativity. Perfect for art enthusiasts and collectors alike, 'Free Dance' will bring a splash of color and energy to any space. Discover more captivating pieces in our collection.""","""[Your Website or Etsy Link]""",,"""'Free Dance' is a 24 x 12 acrylic and mixed media artwork that captures the vibrant energy and movement of abstract art. Perfect for art collectors and enthusiasts, this piece brings color and creativity to any space.""","""Free Dance, Abstract Art, Acrylic Painting, Mixed Media Art, Colorful Art, Art for Sale, Art Collectors, Home Decor, Wall Art, Modern Art, Art Gallery""","""'Free Dance' Acrylic Mixed Media Art - 24x12""","""Experience the vibrant expression of 'Free Dance,' a 24 x 12 acrylic and mixed media artwork that captures the dynamic movement of creativity. Perfect for art lovers and collectors, this piece adds a splash of color and energy to any space.""",,
Garden In the Dark,,Garden In the Dark,,,,,,2025-11-15,19:31,Scheduled,,,"Painting titled ""Garden In the Dark"" featuring vibrant colors like deep turquoise, warm coral, and soft lavender in acrylic and mixed media.",,,,"""Garden In the Dark"" is a mesmerizing blend of acrylic and mixed media, featuring a lush array of colors including deep turquoise, warm coral, and soft lavender. This artwork invites you into a world of imagination and wonder, where each glance reveals new details. Perfect for adding a touch of mystery and vibrancy to your living space.","""Garden In the Dark"" - Vibrant Acrylic & Mixed Media Artwork",$150 - $300,,,#ArtLovers #AcrylicArt #MixedMedia #GardenInTheDark #AbstractArt #ColorfulArt #ArtCollector #HomeDecor #WallArt #InteriorDesign #ArtGallery #ArtisticExpression #CreativeArt #VibrantColors #MysticalGarden #ArtCommunity #ArtisticJourney #UniqueArt #VisualArt #ArtisticVibes #ArtForHome #ContemporaryArt #ImaginaryLandscapes #FloralArt #ColorPop,,artwork_6d31fbf0.png,,,Art & Wall Decor,"Discover the enchanting ""Garden In the Dark,"" a captivating acrylic and mixed media artwork. With shades of deep turquoise, warm coral, and soft lavender, this piece transforms any space into a mystical haven. Perfect for art lovers seeking vibrant, abstract expressions.",[Insert Link Here],,"Explore the vibrant depths of ""Garden In the Dark,"" an acrylic and mixed media artwork. Featuring deep turquoise, warm coral, and soft lavender, this piece adds intrigue and vibrancy to any space. Perfect for art enthusiasts and collectors.","Acrylic Art, Mixed Media Art, Vibrant Colors, Mystical Garden, Abstract Art, Colorful Wall Decor, Artistic Expression, Home Decor Art, Contemporary Art, Floral Art","""Garden In the Dark"" - Acrylic & Mixed Media Art","Immerse yourself in the enchanting ""Garden In the Dark,"" where vibrant colors and intricate textures create a mystical, inviting scene. Perfect for art lovers seeking a unique and captivating piece for their collection.",,
Garden In the Dark,,Garden In the Dark,,,,,,2025-11-17,21:34,Scheduled,,,"""Garden In the Dark"" artwork featuring soft lavender flowers and deep turquoise leaves in acrylic and mixed media.",,,,"Step into a mystical floral realm with ""Garden In the Dark."" This captivating acrylic and mixed media piece features an array of soft lavender flowers and deep turquoise leaves, creating a vivid tapestry of colors and textures. The artist's unique technique brings each element to life, inviting viewers to uncover the secrets hidden within.","""Garden In the Dark"" â€“ Acrylic & Mixed Media Floral Artwork",$200 - $400,,,#GardenInTheDark #AcrylicArt #MixedMedia #FloralArt #ArtCollector #ContemporaryArt #ArtLovers #HomeDecor #ArtForSale #WallArt #ColorfulArt #ArtisticExpression #UniqueArt #HandmadeArt #ArtGallery #InteriorDesign #CreativeArt #FlowerArt #NatureInspired #ArtisticJourney #VisualArt #ModernArt #AcrylicPainting #ArtisticVibes #ArtisticCreation #ArtisticSoul #ArtisticImpression #ArtisticStyle #ArtisticVision #ArtisticLife,,artwork_2986fda6.png,,,Floral Art,"Discover ""Garden In the Dark,"" a stunning acrylic and mixed media artwork that captures the beauty of nature with soft lavender blooms and deep turquoise foliage. Perfect for contemporary art lovers and those seeking vibrant, nature-inspired decor.",[Your Website or Etsy Link Here],,"Explore ""Garden In the Dark,"" an exquisite acrylic and mixed media artwork. This piece features soft lavender flowers and deep turquoise leaves, perfect for nature lovers and art collectors seeking vibrant wall art.","Garden In the Dark, acrylic art, mixed media, floral art, contemporary art, wall decor, nature-inspired, art for sale, home decor, colorful art, unique art",Garden In the Dark - Acrylic & Mixed Media Floral Art,"Immerse yourself in the enchanting ""Garden In the Dark,"" where soft lavender and deep turquoise hues blend seamlessly in this acrylic and mixed media masterpiece. Let this vibrant artwork bring a touch of nature's mystery to your space.",,
Free Dance,,Free Dance,,,,,,2025-11-17,22:10,Scheduled,,,"A vibrant abstract painting titled 'Free Dance,' created with acrylic and mixed media, showcasing a dynamic interplay of colors and textures on a 24x12 canvas.",,,,"'Free Dance' is a captivating piece that merges acrylic and mixed media to create a vibrant abstract landscape. Measuring 24x12 inches, this artwork is an expressive journey of color and movement, perfect for adding a touch of creativity to your home or office decor.",'Free Dance' - 24x12 Acrylic Mixed Media Abstract Art,$150 - $250,,,#ArtLovers #AcrylicArt #MixedMedia #ContemporaryArt #AbstractArt #ColorfulArt #CreativeExpression #ArtisticJourney #VibrantColors #HomeDecor #InteriorDesign #ArtCollector #UniqueArt #VisualArt #ArtInspiration #ArtisticVibes #ArtForSale #WallArt #ArtisticExpression #ArtisticSoul #ArtCommunity #DecorInspo #ArtisticCreation #HandmadeArt #ArtGallery #ModernArt #CreativeArt #ArtisticLife #ArtOfTheDay,,artwork_51d774aa.png,,,Abstract Art,"Dive into the dynamic world of 'Free Dance,' where acrylic and mixed media bring an abstract vibrancy to life. At 24x12 inches, this artwork is a celebration of movement and color, perfect for any contemporary space. Ideal for art lovers and collectors seeking a unique piece that speaks to the soul.",[Your Website or Etsy Link],,"Experience the vibrant energy of 'Free Dance,' a 24x12 acrylic and mixed media artwork that embodies movement and color. Perfect for art collectors and enthusiasts seeking unique, dynamic pieces.","Free Dance, Acrylic Art, Mixed Media, Abstract Art, Contemporary Art, Colorful Art, Home Decor, Unique Art, Art for Sale, Wall Art, Modern Art, Art Collectors, Artistic Expression",'Free Dance' Acrylic Mixed Media Abstract Art 24x12,"Immerse yourself in the lively world of 'Free Dance,' a stunning 24x12 acrylic and mixed media artwork that captures the essence of movement and color. Perfect for adding a splash of creativity to any space.",,
